entity_id,dimension,semantic_key,value,coordinate,lens_id,translator_version
feel_like_making_shrub:8894769633282015214,when,date,2014,WHEN|date|2014,web_declaration_v1,1.0.0
feel_like_making_shrub:319252012517983696,when,date,2014,WHEN|date|2014,web_declaration_v1,1.0.0
feel_like_making_shrub:1920799588800369121,when,date,2014,WHEN|date|2014,web_declaration_v1,1.0.0
feel_like_making_shrub:665152429280042290,when,date,2014,WHEN|date|2014,web_declaration_v1,1.0.0
feel_like_making_shrub:3234182737768169797,when,date,2014,WHEN|date|2014,web_declaration_v1,1.0.0
feel_like_making_shrub:1188104290788010341,when,date,2014,WHEN|date|2014,web_declaration_v1,1.0.0
feel_like_making_shrub:7984022336755567343,when,date,2014,WHEN|date|2014,web_declaration_v1,1.0.0
feel_like_making_shrub:2280769082554763866,when,date,2014,WHEN|date|2014,web_declaration_v1,1.0.0
feel_like_making_shrub:3497448792677401950,when,date,2014,WHEN|date|2014,web_declaration_v1,1.0.0
feel_like_making_shrub:8243200901257134030,when,date,2014,WHEN|date|2014,web_declaration_v1,1.0.0
feel_like_making_shrub:3944258834630596204,when,date,2014,WHEN|date|2014,web_declaration_v1,1.0.0
feel_like_making_shrub:7207405919470606464,when,date,2014,WHEN|date|2014,web_declaration_v1,1.0.0
feel_like_making_shrub:1636982690093398807,when,date,2014,WHEN|date|2014,web_declaration_v1,1.0.0
feel_like_making_shrub:6656232859440122091,when,date,2014,WHEN|date|2014,web_declaration_v1,1.0.0
feel_like_making_shrub:216449136778594004,when,date,2014,WHEN|date|2014,web_declaration_v1,1.0.0
feel_like_making_shrub:1244316098629475102,when,date,2014,WHEN|date|2014,web_declaration_v1,1.0.0
feel_like_making_shrub:6169353830330283727,when,date,2014,WHEN|date|2014,web_declaration_v1,1.0.0
feel_like_making_shrub:3164199771661559378,when,date,2014,WHEN|date|2014,web_declaration_v1,1.0.0
feel_like_making_shrub:3622359659152066111,when,date,2014,WHEN|date|2014,web_declaration_v1,1.0.0
feel_like_making_shrub:4956588581150773805,when,date,2014,WHEN|date|2014,web_declaration_v1,1.0.0
feel_like_making_shrub:8784938455082096690,when,date,2014,WHEN|date|2014,web_declaration_v1,1.0.0
feel_like_making_shrub:2159288522360361176,when,date,2013,WHEN|date|2013,web_declaration_v1,1.0.0
feel_like_making_shrub:2672119606907324524,when,date,2012,WHEN|date|2012,web_declaration_v1,1.0.0
feel_like_making_shrub:6747272451036494811,when,date,2012,WHEN|date|2012,web_declaration_v1,1.0.0
feel_like_making_shrub:3925957438307229690,when,date,2012,WHEN|date|2012,web_declaration_v1,1.0.0
779c785edd5377e0c9b0024f3aefad84,when,date,2016-03-15,WHEN|date|2016-03-15,web_declaration_v1,1.0.0
779c785edd5377e0c9b0024f3aefad84,when,year,2016,WHEN|year|2016,web_declaration_v1,1.0.0
779c785edd5377e0c9b0024f3aefad84,when,decade,2010s,WHEN|decade|2010s,web_declaration_v1,1.0.0
7441a526a5eb5afcfe6c6914cff55f5b,when,date,2016-03-16,WHEN|date|2016-03-16,web_declaration_v1,1.0.0
7441a526a5eb5afcfe6c6914cff55f5b,when,year,2016,WHEN|year|2016,web_declaration_v1,1.0.0
7441a526a5eb5afcfe6c6914cff55f5b,when,decade,2010s,WHEN|decade|2010s,web_declaration_v1,1.0.0
f023d71c14d5f830e88ca35eeff79e6d,when,date,2001,WHEN|date|2001,web_declaration_v1,1.0.0
f023d71c14d5f830e88ca35eeff79e6d,when,decade,2000s,WHEN|decade|2000s,web_declaration_v1,1.0.0
2aea8e4e263a205860d4f4c01d38b6fc,when,date,c. 1950,WHEN|date|c. 1950,web_declaration_v1,1.0.0
2aea8e4e263a205860d4f4c01d38b6fc,when,year,1950,WHEN|year|1950,web_declaration_v1,1.0.0
2aea8e4e263a205860d4f4c01d38b6fc,when,decade,1950s,WHEN|decade|1950s,web_declaration_v1,1.0.0
53f8ea57abe8f96a901702b15a96f53e,when,date,[1963],WHEN|date|[1963],web_declaration_v1,1.0.0
53f8ea57abe8f96a901702b15a96f53e,when,year,1963,WHEN|year|1963,web_declaration_v1,1.0.0
53f8ea57abe8f96a901702b15a96f53e,when,decade,1960s,WHEN|decade|1960s,web_declaration_v1,1.0.0
6c9f2a94b13a21671aa38828ea26856c,when,date,1954,WHEN|date|1954,web_declaration_v1,1.0.0
6c9f2a94b13a21671aa38828ea26856c,when,decade,1950s,WHEN|decade|1950s,web_declaration_v1,1.0.0
a237875fbe4fec1727b348bc8a7346c9,when,date,2020,WHEN|date|2020,web_declaration_v1,1.0.0
a237875fbe4fec1727b348bc8a7346c9,when,decade,2020s,WHEN|decade|2020s,web_declaration_v1,1.0.0
368519d53332295393c11a48d5e5c1ed,when,date,2002,WHEN|date|2002,web_declaration_v1,1.0.0
368519d53332295393c11a48d5e5c1ed,when,decade,2000s,WHEN|decade|2000s,web_declaration_v1,1.0.0
7cdace405b09a20df0fb99bbcb4dc107,when,date,2000,WHEN|date|2000,web_declaration_v1,1.0.0
7cdace405b09a20df0fb99bbcb4dc107,when,decade,2000s,WHEN|decade|2000s,web_declaration_v1,1.0.0
5554d79a36f10fcdef558fc1efa69c04,when,date,2008,WHEN|date|2008,web_declaration_v1,1.0.0
5554d79a36f10fcdef558fc1efa69c04,when,decade,2000s,WHEN|decade|2000s,web_declaration_v1,1.0.0
856f21d9ba761c3ec5074dc166aa68c7,when,date,2023,WHEN|date|2023,web_declaration_v1,1.0.0
856f21d9ba761c3ec5074dc166aa68c7,when,decade,2020s,WHEN|decade|2020s,web_declaration_v1,1.0.0
a0277d919a6dda83914624c795fad5cc,when,date,1989,WHEN|date|1989,web_declaration_v1,1.0.0
a0277d919a6dda83914624c795fad5cc,when,decade,1980s,WHEN|decade|1980s,web_declaration_v1,1.0.0
860fb09c982e6e8fb7289524a243e2df,when,date,1990,WHEN|date|1990,web_declaration_v1,1.0.0
860fb09c982e6e8fb7289524a243e2df,when,decade,1990s,WHEN|decade|1990s,web_declaration_v1,1.0.0
03b4ab2f021678adfcca8f2383172f40,when,date,1998,WHEN|date|1998,web_declaration_v1,1.0.0
03b4ab2f021678adfcca8f2383172f40,when,decade,1990s,WHEN|decade|1990s,web_declaration_v1,1.0.0
adecd51fc78ce402540646ab9c048894,when,date,1994,WHEN|date|1994,web_declaration_v1,1.0.0
adecd51fc78ce402540646ab9c048894,when,decade,1990s,WHEN|decade|1990s,web_declaration_v1,1.0.0
c1219286fb3f96cd24ae39eb468e6c95,when,date,1925-01-25,WHEN|date|1925-01-25,web_declaration_v1,1.0.0
c1219286fb3f96cd24ae39eb468e6c95,when,year,1925,WHEN|year|1925,web_declaration_v1,1.0.0
c1219286fb3f96cd24ae39eb468e6c95,when,decade,1920s,WHEN|decade|1920s,web_declaration_v1,1.0.0
0727af4ab9ccb917ed24976ee5787774,when,date,1983,WHEN|date|1983,web_declaration_v1,1.0.0
0727af4ab9ccb917ed24976ee5787774,when,decade,1980s,WHEN|decade|1980s,web_declaration_v1,1.0.0
0727af4ab9ccb917ed24976ee5787774,when,date,1983-04-08,WHEN|date|1983-04-08,web_declaration_v1,1.0.0
0727af4ab9ccb917ed24976ee5787774,when,year,1983,WHEN|year|1983,web_declaration_v1,1.0.0
0727af4ab9ccb917ed24976ee5787774,when,date,[1983],WHEN|date|[1983],web_declaration_v1,1.0.0
a400bb8626055252c99a5d260077ac3a,when,date,2016-03-18,WHEN|date|2016-03-18,web_declaration_v1,1.0.0
a400bb8626055252c99a5d260077ac3a,when,year,2016,WHEN|year|2016,web_declaration_v1,1.0.0
a400bb8626055252c99a5d260077ac3a,when,decade,2010s,WHEN|decade|2010s,web_declaration_v1,1.0.0
d15f9fb22605ef2e53f636e77f158b77,when,date,3/30/2017,WHEN|date|3/30/2017,web_declaration_v1,1.0.0
d15f9fb22605ef2e53f636e77f158b77,when,year,2017,WHEN|year|2017,web_declaration_v1,1.0.0
d15f9fb22605ef2e53f636e77f158b77,when,decade,2010s,WHEN|decade|2010s,web_declaration_v1,1.0.0
d2f7966d9d4a0baaed251cd34cd1b16b,when,date,1947,WHEN|date|1947,web_declaration_v1,1.0.0
d2f7966d9d4a0baaed251cd34cd1b16b,when,decade,1940s,WHEN|decade|1940s,web_declaration_v1,1.0.0
79ace2f94353b4e7f49fe2335b361905,when,date,2016,WHEN|date|2016,web_declaration_v1,1.0.0
79ace2f94353b4e7f49fe2335b361905,when,decade,2010s,WHEN|decade|2010s,web_declaration_v1,1.0.0
348d9dc4be7f8b0d4459886c6a102ba6,when,date,1971,WHEN|date|1971,web_declaration_v1,1.0.0
348d9dc4be7f8b0d4459886c6a102ba6,when,decade,1970s,WHEN|decade|1970s,web_declaration_v1,1.0.0
cf3fb6595409d19a0060f920ac5639a1,when,date,c. 1960,WHEN|date|c. 1960,web_declaration_v1,1.0.0
cf3fb6595409d19a0060f920ac5639a1,when,year,1960,WHEN|year|1960,web_declaration_v1,1.0.0
cf3fb6595409d19a0060f920ac5639a1,when,decade,1960s,WHEN|decade|1960s,web_declaration_v1,1.0.0
c6ef5cab785f4ffa17512c096c9bbe70,when,date,1988-04-13,WHEN|date|1988-04-13,web_declaration_v1,1.0.0
c6ef5cab785f4ffa17512c096c9bbe70,when,year,1988,WHEN|year|1988,web_declaration_v1,1.0.0
c6ef5cab785f4ffa17512c096c9bbe70,when,decade,1980s,WHEN|decade|1980s,web_declaration_v1,1.0.0
ld1-1646149545906-1646150510742-0,when,date,2000s,WHEN|date|2000s,web_declaration_v1,1.0.0
ld1-1646149545906-1646150510742-0,when,year,2000,WHEN|year|2000,web_declaration_v1,1.0.0
sro-1663946979444-1663946989955-0,when,date,2010s,WHEN|date|2010s,web_declaration_v1,1.0.0
sro-1663946979444-1663946989955-0,when,year,2010,WHEN|year|2010,web_declaration_v1,1.0.0
ld1-1646149545906-1646149727294-1,when,date,2010s,WHEN|date|2010s,web_declaration_v1,1.0.0
ld1-1646149545906-1646149727294-1,when,year,2010,WHEN|year|2010,web_declaration_v1,1.0.0
ld1-1686732332010-1686732332025-1,when,date,2000s,WHEN|date|2000s,web_declaration_v1,1.0.0
ld1-1686732332010-1686732332025-1,when,year,2000,WHEN|year|2000,web_declaration_v1,1.0.0
ld1-1646149545906-1646149602686-1,when,date,1960s,WHEN|date|1960s,web_declaration_v1,1.0.0
ld1-1646149545906-1646149602686-1,when,year,1960,WHEN|year|1960,web_declaration_v1,1.0.0
ld1-1646149545906-1646150217822-1,when,date,2010s,WHEN|date|2010s,web_declaration_v1,1.0.0
ld1-1646149545906-1646150217822-1,when,year,2010,WHEN|year|2010,web_declaration_v1,1.0.0
ld1-1646149545906-1646149969363-0,when,date,1960s,WHEN|date|1960s,web_declaration_v1,1.0.0
ld1-1646149545906-1646149969363-0,when,year,1960,WHEN|year|1960,web_declaration_v1,1.0.0
ld1-1646149545906-1646150255234-1,when,date,2000s,WHEN|date|2000s,web_declaration_v1,1.0.0
ld1-1646149545906-1646150255234-1,when,year,2000,WHEN|year|2000,web_declaration_v1,1.0.0
ld1-1646149545906-1646150676285-0,when,date,1980s,WHEN|date|1980s,web_declaration_v1,1.0.0
ld1-1646149545906-1646150676285-0,when,year,1980,WHEN|year|1980,web_declaration_v1,1.0.0
ld1-1682428074342-1682428074671-0,when,date,2020s,WHEN|date|2020s,web_declaration_v1,1.0.0
ld1-1682428074342-1682428074671-0,when,year,2020,WHEN|year|2020,web_declaration_v1,1.0.0
ld1-1646149545906-1646150956262-1,when,date,1960s,WHEN|date|1960s,web_declaration_v1,1.0.0
ld1-1646149545906-1646150956262-1,when,year,1960,WHEN|year|1960,web_declaration_v1,1.0.0
ld1-1646149545906-1646149995397-1,when,date,1970s,WHEN|date|1970s,web_declaration_v1,1.0.0
ld1-1646149545906-1646149995397-1,when,year,1970,WHEN|year|1970,web_declaration_v1,1.0.0
ld1-1646149545906-1646149884396-1,when,date,1970s,WHEN|date|1970s,web_declaration_v1,1.0.0
ld1-1646149545906-1646149884396-1,when,year,1970,WHEN|year|1970,web_declaration_v1,1.0.0
ld1-1682428074342-1682428074663-0,when,date,2020s,WHEN|date|2020s,web_declaration_v1,1.0.0
ld1-1682428074342-1682428074663-0,when,year,2020,WHEN|year|2020,web_declaration_v1,1.0.0
ld1-1646149545906-1646149571316-0,when,date,1960s,WHEN|date|1960s,web_declaration_v1,1.0.0
ld1-1646149545906-1646149571316-0,when,year,1960,WHEN|year|1960,web_declaration_v1,1.0.0
ld1-1646149545906-1646150522405-0,when,date,1960s,WHEN|date|1960s,web_declaration_v1,1.0.0
ld1-1646149545906-1646150522405-0,when,year,1960,WHEN|year|1960,web_declaration_v1,1.0.0
ld1-1646149545906-1646150524143-1,when,date,2000s,WHEN|date|2000s,web_declaration_v1,1.0.0
ld1-1646149545906-1646150524143-1,when,year,2000,WHEN|year|2000,web_declaration_v1,1.0.0
ld1-1660639900692-1660639901099-0,when,date,1920s,WHEN|date|1920s,web_declaration_v1,1.0.0
ld1-1660639900692-1660639901099-0,when,year,1920,WHEN|year|1920,web_declaration_v1,1.0.0
ld1-1660639900692-1660639901099-0,when,date,2020s,WHEN|date|2020s,web_declaration_v1,1.0.0
ld1-1660639900692-1660639901099-0,when,year,2020,WHEN|year|2020,web_declaration_v1,1.0.0
ld1-1660639900692-1660639901099-0,when,date,1910s,WHEN|date|1910s,web_declaration_v1,1.0.0
ld1-1660639900692-1660639901099-0,when,year,1910,WHEN|year|1910,web_declaration_v1,1.0.0
ld1-1660639900692-1660639901099-0,when,date,1940s,WHEN|date|1940s,web_declaration_v1,1.0.0
ld1-1660639900692-1660639901099-0,when,year,1940,WHEN|year|1940,web_declaration_v1,1.0.0
ld1-1660639900692-1660639901099-0,when,date,1930s,WHEN|date|1930s,web_declaration_v1,1.0.0
ld1-1660639900692-1660639901099-0,when,year,1930,WHEN|year|1930,web_declaration_v1,1.0.0
ld1-1660639900692-1660639901099-0,when,date,1900s,WHEN|date|1900s,web_declaration_v1,1.0.0
ld1-1660639900692-1660639901099-0,when,year,1900,WHEN|year|1900,web_declaration_v1,1.0.0
ld1-1660639900692-1660639901099-0,when,date,1990s,WHEN|date|1990s,web_declaration_v1,1.0.0
ld1-1660639900692-1660639901099-0,when,year,1990,WHEN|year|1990,web_declaration_v1,1.0.0
ld1-1660639900692-1660639901099-0,when,date,1960s,WHEN|date|1960s,web_declaration_v1,1.0.0
ld1-1660639900692-1660639901099-0,when,year,1960,WHEN|year|1960,web_declaration_v1,1.0.0
ld1-1660639900692-1660639901099-0,when,date,1950s,WHEN|date|1950s,web_declaration_v1,1.0.0
ld1-1660639900692-1660639901099-0,when,year,1950,WHEN|year|1950,web_declaration_v1,1.0.0
ld1-1660639900692-1660639901099-0,when,date,1980s,WHEN|date|1980s,web_declaration_v1,1.0.0
ld1-1660639900692-1660639901099-0,when,year,1980,WHEN|year|1980,web_declaration_v1,1.0.0
ld1-1660639900692-1660639901099-0,when,date,1970s,WHEN|date|1970s,web_declaration_v1,1.0.0
ld1-1660639900692-1660639901099-0,when,year,1970,WHEN|year|1970,web_declaration_v1,1.0.0
ld1-1646149545906-1646150522341-0,when,date,2000s,WHEN|date|2000s,web_declaration_v1,1.0.0
ld1-1646149545906-1646150522341-0,when,year,2000,WHEN|year|2000,web_declaration_v1,1.0.0
ld1-1646149545906-1646150114083-2,when,date,2000s,WHEN|date|2000s,web_declaration_v1,1.0.0
ld1-1646149545906-1646150114083-2,when,year,2000,WHEN|year|2000,web_declaration_v1,1.0.0
ld1-1646149545906-1646149688165-1,when,date,2000s,WHEN|date|2000s,web_declaration_v1,1.0.0
ld1-1646149545906-1646149688165-1,when,year,2000,WHEN|year|2000,web_declaration_v1,1.0.0
ld1-1646149545906-1646149719743-0,when,date,1950s,WHEN|date|1950s,web_declaration_v1,1.0.0
ld1-1646149545906-1646149719743-0,when,year,1950,WHEN|year|1950,web_declaration_v1,1.0.0
ld1-1646149545906-1646149719743-0,when,date,1970s,WHEN|date|1970s,web_declaration_v1,1.0.0
ld1-1646149545906-1646149719743-0,when,year,1970,WHEN|year|1970,web_declaration_v1,1.0.0
ld1-1646149545906-1646150206942-2,when,date,1920s,WHEN|date|1920s,web_declaration_v1,1.0.0
ld1-1646149545906-1646150206942-2,when,year,1920,WHEN|year|1920,web_declaration_v1,1.0.0
ld1-1646149545906-1646150206942-2,when,date,1910s,WHEN|date|1910s,web_declaration_v1,1.0.0
ld1-1646149545906-1646150206942-2,when,year,1910,WHEN|year|1910,web_declaration_v1,1.0.0
ld1-1646149545906-1646150206942-2,when,date,2010s,WHEN|date|2010s,web_declaration_v1,1.0.0
ld1-1646149545906-1646150206942-2,when,year,2010,WHEN|year|2010,web_declaration_v1,1.0.0
ld1-1646149545906-1646150206942-2,when,date,1940s,WHEN|date|1940s,web_declaration_v1,1.0.0
ld1-1646149545906-1646150206942-2,when,year,1940,WHEN|year|1940,web_declaration_v1,1.0.0
ld1-1646149545906-1646150206942-2,when,date,1930s,WHEN|date|1930s,web_declaration_v1,1.0.0
ld1-1646149545906-1646150206942-2,when,year,1930,WHEN|year|1930,web_declaration_v1,1.0.0
ld1-1646149545906-1646150206942-2,when,date,1900s,WHEN|date|1900s,web_declaration_v1,1.0.0
ld1-1646149545906-1646150206942-2,when,year,1900,WHEN|year|1900,web_declaration_v1,1.0.0
ld1-1646149545906-1646150206942-2,when,date,1990s,WHEN|date|1990s,web_declaration_v1,1.0.0
ld1-1646149545906-1646150206942-2,when,year,1990,WHEN|year|1990,web_declaration_v1,1.0.0
ld1-1646149545906-1646150206942-2,when,date,1960s,WHEN|date|1960s,web_declaration_v1,1.0.0
ld1-1646149545906-1646150206942-2,when,year,1960,WHEN|year|1960,web_declaration_v1,1.0.0
ld1-1646149545906-1646150206942-2,when,date,1950s,WHEN|date|1950s,web_declaration_v1,1.0.0
ld1-1646149545906-1646150206942-2,when,year,1950,WHEN|year|1950,web_declaration_v1,1.0.0
ld1-1646149545906-1646150206942-2,when,date,1980s,WHEN|date|1980s,web_declaration_v1,1.0.0
ld1-1646149545906-1646150206942-2,when,year,1980,WHEN|year|1980,web_declaration_v1,1.0.0
ld1-1646149545906-1646150206942-2,when,date,1970s,WHEN|date|1970s,web_declaration_v1,1.0.0
ld1-1646149545906-1646150206942-2,when,year,1970,WHEN|year|1970,web_declaration_v1,1.0.0
ld1-1646149545906-1646150938686-2,when,date,1920s,WHEN|date|1920s,web_declaration_v1,1.0.0
ld1-1646149545906-1646150938686-2,when,year,1920,WHEN|year|1920,web_declaration_v1,1.0.0
ld1-1646149545906-1646150938686-2,when,date,1910s,WHEN|date|1910s,web_declaration_v1,1.0.0
ld1-1646149545906-1646150938686-2,when,year,1910,WHEN|year|1910,web_declaration_v1,1.0.0
ld1-1646149545906-1646150938686-2,when,date,1940s,WHEN|date|1940s,web_declaration_v1,1.0.0
ld1-1646149545906-1646150938686-2,when,year,1940,WHEN|year|1940,web_declaration_v1,1.0.0
ld1-1646149545906-1646150938686-2,when,date,2000s,WHEN|date|2000s,web_declaration_v1,1.0.0
ld1-1646149545906-1646150938686-2,when,year,2000,WHEN|year|2000,web_declaration_v1,1.0.0
ld1-1646149545906-1646150938686-2,when,date,1930s,WHEN|date|1930s,web_declaration_v1,1.0.0
ld1-1646149545906-1646150938686-2,when,year,1930,WHEN|year|1930,web_declaration_v1,1.0.0
ld1-1646149545906-1646150938686-2,when,date,1900s,WHEN|date|1900s,web_declaration_v1,1.0.0
ld1-1646149545906-1646150938686-2,when,year,1900,WHEN|year|1900,web_declaration_v1,1.0.0
ld1-1646149545906-1646150938686-2,when,date,1990s,WHEN|date|1990s,web_declaration_v1,1.0.0
ld1-1646149545906-1646150938686-2,when,year,1990,WHEN|year|1990,web_declaration_v1,1.0.0
ld1-1646149545906-1646150938686-2,when,date,1960s,WHEN|date|1960s,web_declaration_v1,1.0.0
ld1-1646149545906-1646150938686-2,when,year,1960,WHEN|year|1960,web_declaration_v1,1.0.0
ld1-1646149545906-1646150938686-2,when,date,1950s,WHEN|date|1950s,web_declaration_v1,1.0.0
ld1-1646149545906-1646150938686-2,when,year,1950,WHEN|year|1950,web_declaration_v1,1.0.0
ld1-1646149545906-1646150938686-2,when,date,1980s,WHEN|date|1980s,web_declaration_v1,1.0.0
ld1-1646149545906-1646150938686-2,when,year,1980,WHEN|year|1980,web_declaration_v1,1.0.0
ld1-1646149545906-1646150938686-2,when,date,1970s,WHEN|date|1970s,web_declaration_v1,1.0.0
ld1-1646149545906-1646150938686-2,when,year,1970,WHEN|year|1970,web_declaration_v1,1.0.0
ld1-1646149545906-1646149971386-0,when,date,2010s,WHEN|date|2010s,web_declaration_v1,1.0.0
ld1-1646149545906-1646149971386-0,when,year,2010,WHEN|year|2010,web_declaration_v1,1.0.0
