entity_id,entity_type,url,label,description,source_domain,thumbnail_url,provider,date,declared_at,harvested_at,harvest_path
779c785edd5377e0c9b0024f3aefad84,record,https://digitalgallery.bgsu.edu/collections/item/33402,Jazz Week: Vocal Jazz,,digitalgallery.bgsu.edu,https://digitalgallery.bgsu.edu/files/thumbnails/8d58166818951b4174f52bdc8ab77f73.jpg,Ohio Digital Network,2016-03-15,,2026-05-21T17:44:28Z,api_dpla
7441a526a5eb5afcfe6c6914cff55f5b,record,https://digitalgallery.bgsu.edu/collections/item/33370,Jazz Week: Jazz Faculty,,digitalgallery.bgsu.edu,https://digitalgallery.bgsu.edu/files/thumbnails/9d24a739eebefe857a6c800694b8a1ae.jpg,Ohio Digital Network,2016-03-16,,2026-05-21T17:44:28Z,api_dpla
f023d71c14d5f830e88ca35eeff79e6d,record,http://www.moma.org/collection/works/86856,Jazz,,www.moma.org,http://www.moma.org/media/W1siZiIsIjE2OTE0NiJdLFsicCIsImNvbnZlcnQiLCItcmVzaXplIDMwMHgzMDBcdTAwM2UiXV0.jpg?sha=ea01195cf62af167,Empire State Digital Network,2001,,2026-05-21T17:44:28Z,api_dpla
2aea8e4e263a205860d4f4c01d38b6fc,record,http://www.moma.org/collection/works/7631,Jazz,,www.moma.org,http://www.moma.org/media/W1siZiIsIjE0MzgwNiJdLFsicCIsImNvbnZlcnQiLCItcmVzaXplIDMwMHgzMDBcdTAwM2UiXV0.jpg?sha=8f31c6e4ec518ecf,Empire State Digital Network,c. 1950,,2026-05-21T17:44:28Z,api_dpla
53f8ea57abe8f96a901702b15a96f53e,record,http://catalog.hathitrust.org/Record/008004462,Jazz,Jazz--Discography,catalog.hathitrust.org,https://books.google.com/books/content?id=7qYwAQAAIAAJ&printsec=frontcover&img=1&zoom=5,HathiTrust,[1963],,2026-05-21T17:44:28Z,api_dpla
6c9f2a94b13a21671aa38828ea26856c,record,https://calisphere.org/item/56394831-9370-4961-8b51-9588b4c6820c,Jazz,Jazz,calisphere.org,https://thumbnails.calisphere.org/clip/150x150/955f3098f8bf3111402a83bfa6095fae,California Digital Library,1954,,2026-05-21T17:44:28Z,api_dpla
a237875fbe4fec1727b348bc8a7346c9,record,https://5008.sydneyplus.com/HistoryColorado_ArgusNet_Final/Portal/Portal.aspx?component=AAFG&record=388934D5-4C5D-4951-91EE-B87BCB95E170,Jazz,Shot glass,5008.sydneyplus.com,http://5008.sydneyplus.com/HistoryColorado_ArgusNet_Final/ViewImage.aspx?template=Image&field=DerivedIma&hash=0826E7B2696BF9F6E0F77C1B95DA3CB5,Plains to Peaks Collective,2020,,2026-05-21T17:44:28Z,api_dpla
368519d53332295393c11a48d5e5c1ed,record,https://n2t.net/ark:/65665/ng49ca746a8-e631-704b-e053-15f76fa0b4fa,Jazz,Alfredo Ramon,n2t.net,https://ids.si.edu/ids/deliveryService?id=NMAH-NMAH2002-09740&max=150,Smithsonian Institution,2002,,2026-05-21T17:44:28Z,api_dpla
7cdace405b09a20df0fb99bbcb4dc107,record,http://hdl.handle.net/10217/42501,Jazz,Concert posters,hdl.handle.net,http://cdm17393.contentdm.oclc.org/utils/getthumbnail/collection/p17393coll64/id/3274,Plains to Peaks Collective,2000,,2026-05-21T17:44:28Z,api_dpla
5554d79a36f10fcdef558fc1efa69c04,record,http://hdl.handle.net/10217/41893,Jazz,Concert posters,hdl.handle.net,http://cdm17393.contentdm.oclc.org/utils/getthumbnail/collection/p17393coll64/id/2479,Plains to Peaks Collective,2008,,2026-05-21T17:44:28Z,api_dpla
856f21d9ba761c3ec5074dc166aa68c7,record,https://hdl.handle.net/10217/02.0015754,Jazz,Concert posters,hdl.handle.net,http://cdm17393.contentdm.oclc.org/utils/getthumbnail/collection/p17393coll64/id/5341,Plains to Peaks Collective,2023,,2026-05-21T17:44:28Z,api_dpla
a0277d919a6dda83914624c795fad5cc,record,http://n2t.net/ark:/65665/kq458574fc0-43d9-459f-a512-70fe44a3268f,Jazz,PAF,n2t.net,https://ids.si.edu/ids/deliveryService?id=CHSDM-CHP4854,Smithsonian Institution,1989,,2026-05-21T17:44:28Z,api_dpla
860fb09c982e6e8fb7289524a243e2df,record,http://n2t.net/ark:/65665/vk7d7c73d4f-8104-4546-a772-beaac2de9ce8,Jazz,Musical instruments,n2t.net,https://ids.si.edu/ids/deliveryService?id=SAAM-2014.9.7_1,Smithsonian Institution,1990,,2026-05-21T17:44:28Z,api_dpla
bbf7633bf5adbc2288b5bd48e266d052,record,https://n2t.net/ark:/65665/ng49ca746a6-0e59-704b-e053-15f76fa0b4fa,Jazz,,n2t.net,https://ids.si.edu/ids/deliveryService?id=NMAH-AHB2018q052252&max=150,Smithsonian Institution,,,2026-05-21T17:44:28Z,api_dpla
03b4ab2f021678adfcca8f2383172f40,record,http://hdl.handle.net/10217/42500,Jazz,Concert posters,hdl.handle.net,http://cdm17393.contentdm.oclc.org/utils/getthumbnail/collection/p17393coll64/id/3858,Plains to Peaks Collective,1998,,2026-05-21T17:44:28Z,api_dpla
adecd51fc78ce402540646ab9c048894,record,http://hdl.handle.net/10217/43490,Jazz,Exhibition posters,hdl.handle.net,http://cdm17393.contentdm.oclc.org/utils/getthumbnail/collection/p17393coll64/id/4506,Plains to Peaks Collective,1994,,2026-05-21T17:44:28Z,api_dpla
c1219286fb3f96cd24ae39eb468e6c95,record,https://digitalarchives.powerlibrary.org/papd/islandora/object/papd%3Apsepl-hiad2_452,Jazz,"Clarke, Charles M. (Mrs.)",digitalarchives.powerlibrary.org,https://digitalarchives.powerlibrary.org/papd/islandora/object/papd%3Apsepl-hiad2_452/datastream/TN/view/,PA Digital,1925-01-25,,2026-05-21T17:44:28Z,api_dpla
0727af4ab9ccb917ed24976ee5787774,record,https://digital.library.pitt.edu/islandora/object/pitt%3A31735030051985,Jazz on jazz. reel 3,Jazz--1981-1990,digital.library.pitt.edu,https://digital.library.pitt.edu/islandora/object/pitt%3A31735030051985/datastream/TN/view/Jazz%20on%20jazz.jpg,PA Digital,1983,,2026-05-21T17:44:28Z,api_dpla
a400bb8626055252c99a5d260077ac3a,record,https://digitalgallery.bgsu.edu/collections/item/33399,Jazz Week: Chamber Jazz Ensembles,,digitalgallery.bgsu.edu,https://digitalgallery.bgsu.edu/files/thumbnails/caa4237e39404fcfefd2c5f7099721c4.jpg,Ohio Digital Network,2016-03-18,,2026-05-21T17:44:28Z,api_dpla
d15f9fb22605ef2e53f636e77f158b77,record,https://digitalgallery.bgsu.edu/collections/item/34815,Jazz Week: Chamber Jazz Ensembles,,digitalgallery.bgsu.edu,https://digitalgallery.bgsu.edu/files/thumbnails/a90bc6a2cb0f5faca27a300832383629.jpg,Ohio Digital Network,3/30/2017,,2026-05-21T17:44:28Z,api_dpla
d2f7966d9d4a0baaed251cd34cd1b16b,record,http://www.moma.org/collection/works/66170,Jazz,,www.moma.org,http://www.moma.org/media/W1siZiIsIjI4NzA3NiJdLFsicCIsImNvbnZlcnQiLCItcmVzaXplIDMwMHgzMDBcdTAwM2UiXV0.jpg?sha=c164269a53ad7391,Empire State Digital Network,1947,,2026-05-21T17:44:28Z,api_dpla
79ace2f94353b4e7f49fe2335b361905,record,http://digitalcollections.hclib.org/cdm/ref/collection/Humans/id/419,Jazz,"Castaneda, Jazz",digitalcollections.hclib.org,http://digitalcollections.hclib.org/utils/getthumbnail/collection/Humans/id/419,Minnesota Digital Library,2016,,2026-05-21T17:44:28Z,api_dpla
348d9dc4be7f8b0d4459886c6a102ba6,record,http://n2t.net/ark:/65665/kq4f941e0e9-9d65-42e9-b43a-5c876f7175cf,Jazz,Borås Wäfveri AB,n2t.net,https://ids.si.edu/ids/deliveryService?id=CHSDM-EFC4DD07295A2-000001,Smithsonian Institution,1971,,2026-05-21T17:44:28Z,api_dpla
cf3fb6595409d19a0060f920ac5639a1,record,http://n2t.net/ark:/65665/sm450130f78-1139-4a01-a547-b467db6ed111,Jazz,Trombone,n2t.net,https://ids.si.edu/ids/deliveryService?id=NPG-NPG_90_53_ext,Smithsonian Institution,c. 1960,,2026-05-21T17:44:28Z,api_dpla
c6ef5cab785f4ffa17512c096c9bbe70,record,https://cudl.colorado.edu/luna/servlet/detail/UCBOULDERCB1~57~57~473439~1253555,Jazz,Music--Performance,cudl.colorado.edu,https://cudl.colorado.edu/MediaManager/srvr?mediafile=/AUDIO/UCBOULDERCB1~57~57/5308/cwa_88-13P.mp3,Plains to Peaks Collective,1988-04-13,,2026-05-21T17:44:28Z,api_dpla
ld1-1646149545906-1646150510742-0,record,https://siris-libraries.si.edu/ipac20/ipac.jsp?&profile=liball&source=~!silibraries&uri=full=3100001~!716731~!0#focus,The Cambridge companion to jazz / edited by Mervyn Cooke and David Horn,Jazz,siris-libraries.si.edu,,Smithsonian Libraries,2000s,,2026-05-21T17:44:30Z,api_smithsonian
sro-1663946979444-1663946989955-0,record,https://www.cooperhewitt.org/2017/08/08/dancing-is-the-jazz-age-jazz-is-dancing-music-swing-is-jazz-music/,Dancing IS the Jazz Age….Jazz is dancing music. Swing is Jazz music,,www.cooperhewitt.org,,Smithsonian Libraries and Archives,2010s,,2026-05-21T17:44:30Z,api_smithsonian
ld1-1646149545906-1646149727294-1,record,https://siris-libraries.si.edu/ipac20/ipac.jsp?&profile=liball&source=~!silibraries&uri=full=3100001~!980517~!0#focus,"Discover jazz / [edited by] John Edward Hasse, Tad Lathrop","Analysis, appreciation",siris-libraries.si.edu,,Smithsonian Libraries,2010s,,2026-05-21T17:44:30Z,api_smithsonian
ld1-1686732332010-1686732332025-1,record,https://siris-libraries.si.edu/ipac20/ipac.jsp?&profile=liball&source=~!silibraries&uri=full=3100001~!1159192~!0#focus,The Oxford companion to jazz edited by Bill Kirchner,Jazz,siris-libraries.si.edu,,Smithsonian Libraries,2000s,,2026-05-21T17:44:30Z,api_smithsonian
ld1-1646149545906-1646149602686-1,record,https://siris-libraries.si.edu/ipac20/ipac.jsp?&profile=liball&source=~!silibraries&uri=full=3100001~!18791~!0#focus,The real jazz,Jazz,siris-libraries.si.edu,,Smithsonian Libraries,1960s,,2026-05-21T17:44:30Z,api_smithsonian
ld1-1646149545906-1646150217822-1,record,https://siris-libraries.si.edu/ipac20/ipac.jsp?&profile=liball&source=~!silibraries&uri=full=3100001~!990299~!0#focus,"Jazz/not jazz : the music and its boundaries / edited by David Ake, Charles Hiroshi Garrett, Daniel Goldmark",Jazz,siris-libraries.si.edu,,Smithsonian Libraries,2010s,,2026-05-21T17:44:30Z,api_smithsonian
ld1-1646149545906-1646149969363-0,record,https://siris-libraries.si.edu/ipac20/ipac.jsp?&profile=liball&source=~!silibraries&uri=full=3100001~!15170~!0#focus,I like jazz,Jazz,siris-libraries.si.edu,,Smithsonian Libraries,1960s,,2026-05-21T17:44:30Z,api_smithsonian
ld1-1646149545906-1646150255234-1,record,https://siris-libraries.si.edu/ipac20/ipac.jsp?&profile=liball&source=~!silibraries&uri=full=3100001~!680585~!0#focus,A new history of jazz / Alyn Shipton,Jazz,siris-libraries.si.edu,,Smithsonian Libraries,2000s,,2026-05-21T17:44:30Z,api_smithsonian
ld1-1646149545906-1646150676285-0,record,https://siris-libraries.si.edu/ipac20/ipac.jsp?&profile=liball&source=~!silibraries&uri=full=3100001~!954277~!0#focus,The world of jazz / Rodney Dale,Jazz,siris-libraries.si.edu,,Smithsonian Libraries,1980s,,2026-05-21T17:44:30Z,api_smithsonian
ld1-1682428074342-1682428074671-0,record,https://siris-libraries.si.edu/ipac20/ipac.jsp?&profile=liball&source=~!silibraries&uri=full=3100001~!1160653~!0#focus,The history of jazz by Ted Gioia,Jazz,siris-libraries.si.edu,,Smithsonian Libraries,2020s,,2026-05-21T17:44:30Z,api_smithsonian
ld1-1646149545906-1646150956262-1,record,https://siris-libraries.si.edu/ipac20/ipac.jsp?&profile=liball&source=~!silibraries&uri=full=3100001~!19838~!0#focus,"Jazz: the transition years, 1940-1960 [by] John S. Wilson",Jazz,siris-libraries.si.edu,,Smithsonian Libraries,1960s,,2026-05-21T17:44:30Z,api_smithsonian
ld1-1646149545906-1646149995397-1,record,https://siris-libraries.si.edu/ipac20/ipac.jsp?&profile=liball&source=~!silibraries&uri=full=3100001~!965387~!0#focus,Jazz journal and jazz & blues,Jazz,siris-libraries.si.edu,,Smithsonian Libraries,1970s,,2026-05-21T17:44:30Z,api_smithsonian
ld1-1646149545906-1646149884396-1,record,https://siris-libraries.si.edu/ipac20/ipac.jsp?&profile=liball&source=~!silibraries&uri=full=3100001~!11149~!0#focus,Jazz people with photographs by the author,Musiciens de jazz,siris-libraries.si.edu,,Smithsonian Libraries,1970s,,2026-05-21T17:44:30Z,api_smithsonian
ld1-1682428074342-1682428074663-0,record,https://siris-libraries.si.edu/ipac20/ipac.jsp?&profile=liball&source=~!silibraries&uri=full=3100001~!1160648~!0#focus,Latin jazz the other jazz Christopher Washburne,Jazz,siris-libraries.si.edu,,Smithsonian Libraries,2020s,,2026-05-21T17:44:30Z,api_smithsonian
ld1-1646149545906-1646149571316-0,record,https://siris-libraries.si.edu/ipac20/ipac.jsp?&profile=liball&source=~!silibraries&uri=full=3100001~!1053922~!0#focus,"The new edition of the encyclopedia of jazz : completely revised, enlarged and brought up to date / by Leonard Feather ; appreciations by Duke Ellington, Benny Goodman and John Hammond",Jazz,siris-libraries.si.edu,,Smithsonian Libraries,1960s,,2026-05-21T17:44:30Z,api_smithsonian
ld1-1646149545906-1646150522405-0,record,https://siris-libraries.si.edu/ipac20/ipac.jsp?&profile=liball&source=~!silibraries&uri=full=3100001~!12282~!0#focus,The history of jazz,Jazz,siris-libraries.si.edu,,Smithsonian Libraries,1960s,,2026-05-21T17:44:30Z,api_smithsonian
ld1-1646149545906-1646150524143-1,record,https://siris-libraries.si.edu/ipac20/ipac.jsp?&profile=liball&source=~!silibraries&uri=full=3100001~!976708~!0#focus,Jazz profiles. Jazz in song [sound recording],Jazz,siris-libraries.si.edu,,Smithsonian Libraries,2000s,,2026-05-21T17:44:30Z,api_smithsonian
ld1-1660639900692-1660639901099-0,record,https://siris-libraries.si.edu/ipac20/ipac.jsp?&profile=liball&source=~!silibraries&uri=full=3100001~!1157100~!0#focus,"Sight readings photographers and American jazz, 1900-1960 Alan Ainsworth ; foreword by Darius Brubeck",Photography,siris-libraries.si.edu,,Smithsonian Libraries,1920s,,2026-05-21T17:44:30Z,api_smithsonian
ld1-1646149545906-1646150522341-0,record,https://siris-libraries.si.edu/ipac20/ipac.jsp?&profile=liball&source=~!silibraries&uri=full=3100001~!975993~!0#focus,"NEA jazz in the schools jazz, an American story produced by Jazz at Lincoln Center",Jazz,siris-libraries.si.edu,,Smithsonian Libraries,2000s,,2026-05-21T17:44:30Z,api_smithsonian
ld1-1646149545906-1646150114083-2,record,https://siris-libraries.si.edu/ipac20/ipac.jsp?&profile=liball&source=~!silibraries&uri=full=3100001~!767819~!0#focus,The rise of a jazz art world / Paul Lopes,Jazz,siris-libraries.si.edu,,Smithsonian Libraries,2000s,,2026-05-21T17:44:30Z,api_smithsonian
ld1-1646149545906-1646149688165-1,record,https://siris-libraries.si.edu/ipac20/ipac.jsp?&profile=liball&source=~!silibraries&uri=full=3100001~!627224~!0#focus,Riffs & choruses : a new jazz anthology / edited by Andrew Clark,Jazz,siris-libraries.si.edu,,Smithsonian Libraries,2000s,,2026-05-21T17:44:30Z,api_smithsonian
ld1-1646149545906-1646149719743-0,record,https://siris-libraries.si.edu/ipac20/ipac.jsp?&profile=liball&source=~!silibraries&uri=full=3100001~!353184~!0#focus,Jazz : new perspectives on the history of jazz / by twelve of the world's foremost jazz critics and scholars ; edited by Nat Hentoff and Albert J. McCarthy,Jazz,siris-libraries.si.edu,,Smithsonian Libraries,1950s,,2026-05-21T17:44:30Z,api_smithsonian
ld1-1646149545906-1646150206942-2,record,https://siris-libraries.si.edu/ipac20/ipac.jsp?&profile=liball&source=~!silibraries&uri=full=3100001~!986149~!0#focus,Blue notes in black and white : photography and jazz / Benjamin Cawthra,Photography,siris-libraries.si.edu,,Smithsonian Libraries,1920s,,2026-05-21T17:44:30Z,api_smithsonian
ld1-1646149545906-1646150938686-2,record,https://siris-libraries.si.edu/ipac20/ipac.jsp?&profile=liball&source=~!silibraries&uri=full=3100001~!920622~!0#focus,The culture of jazz : jazz as critical culture / Frank A. Salamone,Popular culture,siris-libraries.si.edu,,Smithsonian Libraries,1920s,,2026-05-21T17:44:30Z,api_smithsonian
ld1-1646149545906-1646149971386-0,record,https://siris-libraries.si.edu/ipac20/ipac.jsp?&profile=liball&source=~!silibraries&uri=full=3100001~!1099031~!0#focus,Jazz in China : from dance hall music to individual freedom of expression / Eugene Marlow,Jazz,siris-libraries.si.edu,,Smithsonian Libraries,2010s,,2026-05-21T17:44:30Z,api_smithsonian
